id,first_name,last_name,gender,ip_address
1,Iorgos,Huson,47,3222.33
2,Gayel,Gianullo,24,8048.26
3,Adrea,Aishford,39,3201.55
4,Ariel,Aucourte,47,2909.51
5,Graeme,Robichon,43,8216.23
6,Lenna,Sawfoot,26,5072.43
7,Lucine,Curmi,30,4020.13
8,Neely,O'Looney,26,1880.83
9,Jeramie,Coal,33,5282.47
10,Paul,Knight,24,4096.67
11,Mariann,Banfield,43,1698.48
12,Helga,Bestwall,31,6147.05
13,Tiffany,Sheehan,42,2027.51
14,Leigh,Handrok,25,1693.81
15,Cooper,Benge,36,2201.85
16,Jillana,Petschelt,30,8322.75
17,Claudian,Rigler,27,3471.26
18,Sidonia,Nadin,25,1911.9
19,Boot,Hucquart,47,3984.17
20,Dorena,Enright,26,5222.8
21,Stillman,Conaghan,35,8016.35
22,Chad,Bortoluzzi,23,1999.17
23,Willabella,Halmkin,37,2103.97
24,Wandie,Cattanach,37,6117.05
25,Mufi,Spurden,28,1724.67
26,Nappie,McDonough,22,3727.77
27,Andy,Tremayle,45,5928.44
28,Carlee,Querree,24,3718.51
29,Humberto,Maciocia,26,4921.63
30,Stevy,Schroder,22,7190.21
31,Margarete,Annwyl,43,3539.23
32,Berke,Mallender,26,4937.2
33,Myrna,Oughtright,48,9491.99
34,Kristel,Cassedy,28,1917.6
35,Lina,Tombleson,26,9247.19
36,April,Battersby,33,1766.95
37,Cherye,Morratt,38,7060.02
38,Kally,Parfitt,32,9063.36
39,Chantal,MacKim,38,9103.07
40,Sky,Laphorn,40,7465.68
41,King,Camsey,25,6536.16
42,Maggi,Knoble,41,2837.32
43,Kassia,Benny,41,6900.42
44,Karola,Harken,49,8927.02
45,Jobey,Daftor,36,9260.22
46,Willi,Cudbertson,38,2213.93
47,Emyle,Perschke,47,5769.56
48,Marten,Keming,47,7919.23
49,Terrance,Kinsella,34,4912.45
50,Micky,Castellino,31,3282.0
51,Queenie,Sloey,32,1891.04
52,Brody,Trowsdale,39,3538.99
53,Nataline,Mordey,23,2897.55
54,Jennee,Yankov,37,5389.0
55,Adolphe,Lysaght,31,4841.09
56,Helen,Yushankin,23,7603.36
57,Vachel,Antonoyev,39,8153.72
58,Ailee,Kilshall,39,9018.79
59,Ulrick,Filip,47,8958.22
60,Sada,Spiteri,27,3622.86
61,Roana,Drinkel,26,3077.55
62,Will,Chapman,36,7408.51
63,Pauline,Stanmore,37,1909.6
64,Valli,Kenneway,39,3210.88
65,Ofilia,Edwin,28,5017.21
66,Christiane,Scain,39,1743.0
67,Laure,Andrejs,37,6176.08
68,Royal,Antonazzi,31,3162.46
69,Otis,Berg,45,6838.16
70,Nappie,Jimson,28,1779.45
71,Iris,Cradick,25,8730.25
72,Clarine,Betke,46,7342.89
73,Esme,Bondy,49,2430.65
74,Weider,Losseljong,40,4187.27
75,Gilberto,Gaskall,37,6638.45
76,Vanna,Casaccio,49,3632.14
77,Kore,Nancarrow,47,3911.16
78,Marleah,Buckler,36,5081.64
79,Farah,Kitchiner,44,3012.94
80,Ray,Jacketts,26,2491.05
81,Brinna,Raspin,24,9176.52
82,Nicolette,Dunbar,27,4675.19
83,Henry,Vawton,37,8925.99
84,Daria,Morland,40,6359.36
85,Abel,Bareham,48,4677.17
86,Pier,Zappel,34,7227.7
87,Nestor,Byford,21,9050.67
88,Heather,Pawfoot,46,3772.27
89,Adair,Obray,21,3676.78
90,Rod,Bignold,32,5710.71
91,Connie,MacConchie,31,4018.15
92,Sylvia,Sesons,24,3224.23
93,Helga,Wrotchford,31,1622.98
94,Margarethe,Davidai,50,3263.56
95,Nariko,Philipot,32,1535.37
96,Reed,Keirle,50,6176.98
97,Isaak,Lingley,29,9822.78
98,Merrily,Postins,50,3414.96
99,Alfie,Douglas,42,2101.22
100,Maynard,Kobierra,48,1707.77
101,Alaric,Skelington,34,4932.67
102,Anthony,Game,37,9029.66
103,Gregg,Brandreth,30,4644.37
104,Brandtr,Siggins,40,8680.41
105,Rasla,Harmour,27,8426.18
106,Megan,Whorton,26,4820.92
107,D'arcy,Relton,21,7945.41
108,Woodie,Lownie,40,1733.74
109,Gregorio,Casford,25,8088.89
110,Ortensia,Stoffel,36,1582.05
111,Gerty,Gracey,43,4958.06
112,Dana,Goodwell,29,7126.93
113,Sharon,Sellek,22,4971.74
114,Alayne,Beecroft,23,1906.25
115,Sansone,Ireson,50,4233.78
116,Gonzalo,Gallahue,47,5143.58
117,Bradford,Deabill,48,9825.1
118,Carlye,Worsom,45,9966.5
119,Farand,Tolotti,36,9779.21
120,Hagen,Bristo,40,7409.0
121,Leon,Domerc,26,7546.87
122,Eddy,Candelin,49,5208.0
123,Tynan,Stagge,38,7357.62
124,Helli,Geraldi,38,2573.59
125,Anthe,Doig,28,8764.43
126,Isaiah,Akast,33,8745.97
127,Leelah,Hullah,37,9116.13
128,Evangeline,Ogley,36,3839.74
129,Corey,Masseo,27,2274.82
130,Shae,Elliff,37,3727.73
131,Shannan,Peasegood,31,9249.88
132,Jannel,Dumphrey,38,8750.37
133,Siouxie,Bytheway,32,5668.17
134,Nevins,Densell,33,6763.99
135,Hayyim,Skellon,27,6374.24
136,Tarrah,Braniff,38,2014.29
137,Alonso,Stride,27,8774.38
138,Geri,Olpin,44,8264.05
139,Karole,Bordes,26,5283.84
140,Andre,Pashby,39,8528.51
141,Gena,Batts,30,4303.63
142,Harlan,Kagan,44,6548.92
143,Dominick,Dobbie,30,9640.85
144,Tedd,Ivashechkin,38,3596.83
145,Ibby,Alflat,48,8395.56
146,Helyn,Watkins,34,3182.08
147,Kara-lynn,Khidr,25,7122.87
148,Cammy,Gainseford,22,1821.62
149,Bogart,Dilworth,48,2752.05
150,Jania,Ragbourn,23,6238.78
151,Amaleta,Hodges,34,7704.32
152,Itch,Berget,39,9973.48
153,Lynnea,Mapson,43,2617.71
154,Lynette,Sheekey,45,1994.15
155,Danielle,MacAlroy,27,9856.49
156,Windham,Willimont,28,2340.35
157,Allx,De Vaar,37,5725.47
158,Sande,Filipovic,36,8817.34
159,Shell,Yarrington,33,6769.28
160,Ajay,Ferrie,31,7807.08
161,Gerardo,Sanney,35,3281.15
162,Zeke,Glabach,28,1627.57
163,Javier,Troak,35,6809.4
164,Ernst,Pynner,24,6887.22
165,Shea,Umbers,26,5506.27
166,Leta,Ruger,35,2895.36
167,Mil,Nitto,48,2538.62
168,Welby,Spoerl,48,4756.92
169,Allan,Mordin,46,9905.68
170,Fawnia,Tellenbach,38,8977.16
171,Pembroke,Carrier,48,1792.1
172,Burr,Simms,40,5875.04
173,Anna-maria,Wooles,43,4085.97
174,Janene,Hawley,26,2401.95
175,Virgilio,Richardin,33,5682.37
176,Brynne,O'Spillane,23,9046.69
177,Sada,Greally,23,3158.92
178,Ibrahim,Fruish,48,7662.2
179,Ilse,Rubinowicz,48,4612.01
180,Jennie,Crame,29,9951.01
181,Valentine,Kaes,21,8055.97
182,Dulcia,Thorsby,41,8395.26
183,Godiva,Cholomin,34,6019.99
184,Philippa,Holcroft,38,2015.58
185,Bax,Danilchik,37,8890.9
186,Helaine,Lawson,46,7061.17
187,Carlyle,Edwins,40,9059.54
188,Kanya,Adair,35,5819.46
189,Baillie,Newbury,22,5543.22
190,Kennie,Harkess,34,6675.34
191,Haslett,Cordingly,49,7892.39
192,Jewelle,Hubbart,39,5290.56
193,Selestina,Duxbury,30,6354.36
194,Donielle,Levick,47,3638.82
195,Sayre,Moggan,46,5148.02
196,Cori,Dore,35,5591.76
197,Marybelle,Rosenqvist,50,4857.51
198,Christyna,Mabley,38,3643.44
199,Timmi,Loxdale,21,7468.0
200,Annabell,Brameld,21,7053.42
201,Glad,Winchurch,23,9005.99
202,Deina,Abbatt,45,7988.47
203,Rycca,Lamyman,45,3935.34
204,Cort,Riddeough,29,3598.78
205,Tamra,Zelland,34,7692.8
206,Karlens,Hurst,47,5159.65
207,Anallise,Heap,29,9271.61
208,Abby,Kochl,50,2033.0
209,Shayla,Horley,33,7607.89
210,Dorotea,de Cullip,32,8935.66
211,Fallon,Epton,44,7782.69
212,Leroi,Jasper,46,4812.62
213,Marleah,Arnould,46,5514.79
214,Nicki,Orehead,24,5058.92
215,Fraze,Tuson,29,2578.72
216,Gray,Skyrm,49,3644.15
217,Josh,Hulmes,39,8636.88
218,Celestyna,Kristufek,31,3073.18
219,Berthe,Silly,50,7917.31
220,Trip,McGeachey,38,5809.88
221,Angele,Cremer,23,7138.91
222,Klarika,O'Grada,47,8809.34
223,Nelle,Hickinbottom,40,7798.94
224,Wren,O'Corrin,48,6978.87
225,Edouard,Coogan,38,9638.06
226,Dorothee,Blaszkiewicz,23,8136.82
227,Court,Lethardy,33,2248.08
228,Tobie,Gullen,41,8268.56
229,Emogene,Durnall,23,4258.31
230,Elliott,Cluatt,25,7911.44
231,Edwin,Fayer,34,5046.07
232,Umberto,Ramelot,33,7398.82
233,Agace,Zylbermann,21,2725.11
234,Nanon,Ker,34,5528.88
235,Alicea,Wint,48,3274.13
236,Vivianne,Jeandon,43,9904.04
237,Kerstin,Beames,33,6758.31
238,Antonina,Womersley,29,9795.85
239,Dyanna,Drance,41,6200.12
240,Hube,Huot,45,2326.1
241,Alexis,Philipart,44,8022.52
242,Dani,Baunton,22,3732.04
243,Layton,Chimes,45,5075.32
244,Nichole,Mc Menamin,41,2865.91
245,Sheba,Downham,21,2655.44
246,Whittaker,Aldred,36,6182.16
247,Francoise,Huckle,21,4158.42
248,Aldis,Postians,37,2302.55
249,Gerry,Moston,29,6862.69
250,Eran,Swynfen,22,7754.89
251,Roderich,Wrankmore,30,4612.5
252,Justin,Kaming,25,8144.96
253,Morly,Slidders,49,6405.38
254,Alia,Grane,23,2188.74
255,Ginnie,Mulvey,38,5693.86
256,Ferguson,Jeggo,34,6049.82
257,Baldwin,Crabb,47,6656.33
258,Yvonne,McGovern,40,6294.35
259,Preston,Yushmanov,49,8020.62
260,Benjamin,Bartosiak,33,6840.53
261,Ginni,McTerlagh,42,9609.7
262,Lyndsie,Phillott,26,3845.01
263,Zachariah,Avramovitz,26,4832.91
264,Gabi,Tabart,45,8691.43
265,Regina,Loisi,38,4146.84
266,Horacio,Bladen,48,5165.26
267,Ludovico,Bolf,26,7936.93
268,Lou,Mumby,21,9549.25
269,Phillis,Franzolini,40,6170.3
270,Ellary,Kerswell,23,2970.5
271,Celestia,Rehme,36,5954.17
272,Wilt,Wrennall,48,8866.38
273,Gabbie,Markel,28,4949.98
274,Ginevra,Mosen,43,6249.7
275,Gare,Beckett,37,8040.81
276,Sonnie,Nassy,29,4815.2
277,Peyton,de Tocqueville,37,6579.12
278,Euell,Wickwarth,35,8636.78
279,Thurston,Gudde,22,3568.74
280,Aimee,Kenwrick,41,2913.84
281,Cornelius,Reding,35,9130.74
282,Reggis,Thistleton,21,7804.99
283,Nada,Wellsman,32,2010.39
284,Artair,Scurry,24,7416.58
285,Correna,Devon,38,7544.93
286,Keely,Lenaghen,24,7447.74
287,Jasper,Bullman,47,2975.48
288,Ceil,Sevior,41,4825.88
289,Rudy,Lghan,44,4350.65
290,Corrianne,Whatman,24,6099.34
291,Barnaby,Churchin,32,8233.16
292,Kayley,Ecclesall,33,3855.99
293,Marylinda,Bradane,42,3514.72
294,Rem,O'Codihie,24,5597.78
295,Kimmy,Roullier,47,8083.51
296,Emmalee,Soigne,34,5174.69
297,Ruggiero,Hyatt,43,5595.88
298,Vinni,Peartree,30,9645.8
299,Vilhelmina,McKerton,25,6672.46
300,Connie,Swede,47,3421.88
301,Ranee,Schonfeld,43,2005.98
302,Kylen,Pantry,24,6415.95
303,Cory,Kermit,24,4933.26
304,Padraic,Ouver,42,3363.38
305,Aime,Garnson,24,8855.03
306,Saloma,Woollard,50,4902.77
307,Angelina,Greenrod,39,2237.32
308,Gasparo,Foot,23,2444.11
309,Ernest,Hubble,24,7904.53
310,Vite,Linneman,29,9544.19
311,Winni,Roan,23,1613.07
312,Jania,Nussen,44,8205.32
313,Willard,Petican,37,1776.67
314,Cyndia,Kippin,23,2423.13
315,Vernor,Burras,37,2749.37
316,Arturo,Blenkharn,41,3286.98
317,Jacquenette,Tinsey,45,4675.11
318,Berne,Chinnock,21,5134.59
319,Aleksandr,Redley,30,6705.55
320,Cookie,Simounet,43,3134.92
321,Alfred,Thieme,48,6851.01
322,Aimee,Roget,26,6154.38
323,Debora,Paish,47,9804.74
324,Adan,Rosenfarb,39,3319.94
325,Griffin,Chittim,42,6303.9
326,Burk,Hallatt,26,7282.08
327,Trever,Burchess,41,3597.1
328,Gifford,Beddo,35,9791.03
329,Denys,Ashlee,34,8610.5
330,Tyrone,Reape,22,3931.25
331,Brock,Le Teve,41,2881.64
332,Corliss,Nunnery,44,5738.03
333,Jemimah,Ions,42,6482.02
334,Alyda,Phippen,48,8744.66
335,Tad,Brabham,26,9101.25
336,Padraic,Fattore,46,8889.26
337,Carmencita,Portal,41,5441.85
338,Dalila,Busby,24,4999.11
339,Danni,Frawley,50,5295.0
340,Meta,Dissman,29,5256.14
341,Crissy,Meadmore,21,7492.64
342,Avrom,Braitling,35,6551.87
343,Jammal,Lenton,34,6577.25
344,Yule,Mooney,44,8912.6
345,Heriberto,McLaggan,40,7042.96
346,Eve,Rappport,38,6006.47
347,Celestyna,Leathard,36,2599.05
348,Lisbeth,Baterip,22,5603.4
349,Elliot,Fassam,34,3299.49
350,Welch,Northin,42,5377.02
351,Johnathon,Shuttell,45,2512.42
352,Gloriana,Hadeke,35,9500.56
353,Kev,Daintith,23,4177.57
354,Scarlet,Pitway,46,4466.93
355,Kris,Coolahan,24,2688.85
356,Rosita,Cockarill,40,5451.96
357,Zsazsa,Blance,48,6708.5
358,Trudey,Aikin,27,9709.21
359,Sibyl,Androsik,35,9811.97
360,Mark,Urien,29,7274.06
361,Lizette,Littleton,26,8715.16
362,Clara,Vinton,48,2938.85
363,Miguel,Llewelyn,44,8087.21
364,Witty,Riepl,42,2749.14
365,Loria,Siggers,50,7231.59
366,Darbee,Whyler,25,9252.96
367,Vikki,Kimmerling,22,9588.29
368,Isacco,Earnshaw,37,7464.19
369,Elfrieda,Kimmings,23,5366.81
370,Claudine,Wickerson,37,2275.72
371,Wayne,Kennaway,49,7079.93
372,Alane,Shimoni,38,5485.89
373,Kristan,Cregg,34,6215.65
374,Dyann,Buckby,26,2391.52
375,Cloris,Halliday,30,4564.87
376,Codi,Grzelewski,46,2889.47
377,Vivyanne,Aikenhead,27,8557.44
378,Kali,Veryard,38,2351.99
379,Peterus,Liggons,27,8333.18
380,Nap,MacDwyer,41,6757.08
381,Hattie,Gawthorp,38,4951.7
382,Warden,Licciardello,41,8124.62
383,Casper,Dowall,45,7212.98
384,Carita,Haccleton,35,2017.63
385,Ferdinande,Ramstead,41,4530.83
386,Florri,Durtnall,35,9441.95
387,Bailey,Broader,41,6718.3
388,Hughie,Huyhton,41,8911.92
389,Niki,Chappell,46,7606.2
390,Zoe,Belliveau,45,5141.87
391,Fulton,Swansborough,32,6064.5
392,Saraann,Kahane,43,6889.61
393,Kincaid,Neasam,28,8344.67
394,Lotti,McCullum,32,6430.89
395,Berti,Leger,28,3783.76
396,Dollie,Gaffney,21,7357.92
397,Neysa,Hanniger,32,5444.69
398,Heath,Geater,40,7199.8
399,Karlie,Mowbury,45,1777.77
400,Mike,Blencoe,29,5383.1
401,Jaymie,Tassell,45,9216.61
402,Malvina,Flemmich,48,7290.22
403,Peggy,Mar,43,6676.09
404,Fionna,Albasiny,49,4611.54
405,Cam,Pawfoot,42,4874.05
406,Euell,Binny,50,6575.03
407,Ethe,Averay,47,5700.32
408,Clayborne,Bensusan,25,8918.8
409,Beaufort,Tripet,25,5092.99
410,Perle,Craney,47,4826.72
411,Pepe,Michal,29,6832.63
412,Guntar,Callaby,37,3592.59
413,Rochelle,Korous,39,1740.73
414,Henka,Salling,38,5887.77
415,Petey,Burdfield,21,4630.03
416,Jerald,Kadd,25,5921.44
417,Constantin,Brickell,34,7470.37
418,Jordana,Arnett,21,9952.87
419,Ingra,Joincey,27,5463.37
420,Emmanuel,Sandom,33,5181.18
421,Sharia,Batten,44,3101.41
422,Nertie,Sedgman,31,1702.06
423,Stefanie,Cottesford,36,4597.18
424,Felisha,Digges,44,3940.32
425,Crissy,Vaneschi,23,9670.39
426,Nicol,Reeders,41,9891.86
427,Rozalie,Costar,24,5439.34
428,Hesther,Rickasse,23,3846.07
429,Carlyle,Mac Giolla Pheadair,35,2946.69
430,Rees,Jent,27,3330.14
431,Gwenette,Oram,22,9231.01
432,Kessia,Driscoll,41,9085.27
433,Clementius,Kington,27,2262.99
434,Dixie,Sanpere,44,3825.88
435,Gerry,Sawney,45,6037.97
436,Nelson,Tregoning,26,7392.32
437,Luci,Moral,49,8160.54
438,Zeb,Hartgill,38,2897.47
439,Emmanuel,Bedwell,29,6969.42
440,Terrel,Matisse,22,6379.86
441,Renee,Colbran,48,7869.76
442,Colline,Giacomo,36,9729.07
443,Gayla,Gurden,41,4856.55
444,Dolly,Laminman,45,4274.85
445,Zora,Gouldthorpe,34,4978.85
446,Kristy,Gladeche,22,3673.5
447,Wolfy,Yashunin,30,7133.24
448,Pietro,Anthoney,25,8825.46
449,Laughton,Irnis,22,8746.51
450,Elga,Bunton,38,3967.43
451,Aube,Perkin,35,3879.34
452,Jacquette,Waltering,49,3481.98
453,Randa,McCalum,29,8419.31
454,Launce,Jina,39,5237.65
455,Mano,Nuccii,39,2791.49
456,Roxi,Capron,31,2894.56
457,Eustacia,Perton,41,2543.28
458,Dehlia,Pottage,30,8319.83
459,Trina,McSparran,43,9826.8
460,Chicky,Mathiasen,46,3453.52
461,Grover,Aleksidze,33,8079.17
462,Abigale,Willavoys,27,7830.54
463,Deanne,Stiggles,27,6760.53
464,Beatrix,Bellenie,40,9739.58
465,Sayre,Hastilow,46,2486.6
466,Arlan,Addekin,46,3873.94
467,Reginauld,Melvin,24,2477.19
468,Lyda,Willavize,40,4932.97
469,Conrad,Hanbidge,24,4889.2
470,Estrella,Manvelle,23,9347.97
471,Gregorius,Bourcq,49,5380.41
472,Daveta,Saldler,23,3181.76
473,Orelie,Smeuin,48,8969.11
474,Garreth,Ham,46,2569.21
475,Michel,Ivanusyev,36,3210.83
476,Marty,Neaverson,29,8058.88
477,Raina,Walls,37,3338.83
478,Brendon,Cutchey,49,9062.14
479,Berri,Koubu,49,3983.37
480,Rikki,Ailward,25,2584.5
481,Barry,Yearnes,48,3788.32
482,Katrinka,Bowdler,39,8482.9
483,Jolyn,Seaward,41,2386.1
484,Sally,Callery,46,5239.6
485,Arel,Myerscough,36,4179.99
486,Ambros,Beaufoy,26,2867.39
487,Ricardo,Fishburn,24,7734.64
488,Nadean,Benda,28,5449.37
489,Murdoch,Challace,26,9571.54
490,Dorrie,Cordrey,49,9013.76
491,Josepha,Ovid,28,2908.35
492,Teddy,McTrustram,34,8235.14
493,Man,Goublier,24,8113.58
494,Yasmin,Siddeley,35,8607.57
495,Jaye,Hinchshaw,34,7463.88
496,Bernadina,Goodbourn,30,5039.69
497,Chloette,Kayne,28,6632.82
498,Noam,Fish,29,7459.05
499,Tome,Jales,29,9004.7
500,Louisette,Hillyatt,29,8328.39
501,Arlee,Bazylets,44,3577.21
502,Clyde,Licas,27,9144.3
503,Brendon,Tate,45,8310.13
504,Brigitta,McKinney,37,2993.76
505,Patrizio,Lamblin,37,7309.07
506,Fleur,Baterip,47,4061.57
507,Randolph,Febvre,39,3604.5
508,Yulma,Flitcroft,24,3663.3
509,Viviene,Thorald,43,7804.11
510,Kareem,Leet,31,2890.62
511,Sissie,Bazell,22,9342.47
512,Errol,Lerwell,45,2648.19
513,Marys,Peplow,33,1502.35
514,Ruby,Sharrocks,43,8788.6
515,Itch,Sorro,48,3956.82
516,Grete,Westerman,40,9120.35
517,Karel,Wilber,28,3068.96
518,Wolf,Champain,39,9201.09
519,Bill,Samme,26,3015.67
520,Madelena,Crosi,25,4012.55
521,Clarinda,Forsdike,32,2302.16
522,Kele,McGougan,46,9401.51
523,Lanny,Landsbury,40,2305.65
524,Keriann,Mardlin,47,8791.34
525,Henriette,de Wilde,31,6906.14
526,Jaymee,Gentsch,48,4579.16
527,Felicity,Aynsley,39,4722.15
528,Dolores,Moodie,31,8592.82
529,Debee,Colles,48,8574.88
530,Chrisse,Livick,41,9396.29
531,Rozanne,Girdler,47,8615.28
532,Loria,Coad,36,6952.98
533,Quinn,Amsden,38,7096.51
534,Cooper,Tesche,35,9514.21
535,Elliot,Asals,29,4111.21
536,Rebekkah,Louw,45,5462.31
537,Loralie,Furlow,22,3189.18
538,Denice,Gresty,45,3348.36
539,Hannah,Poytheras,21,5205.74
540,Mathe,Hedman,40,5633.94
541,Sherlocke,Bittlestone,47,8897.83
542,Traver,Barter,30,4418.93
543,Burg,Pyecroft,22,5968.3
544,Adrea,O'Beirne,21,5798.62
545,Dunc,Gettins,29,4674.89
546,Nadiya,Westhead,32,8569.87
547,Jacques,Michele,38,5117.52
548,Natty,Chasmoor,22,8917.81
549,Harli,Marshman,42,6489.91
550,Velvet,Vogelein,43,2059.49
551,Natala,Loffill,26,5195.17
552,Sharron,Gascard,39,3581.52
553,Welch,Rabier,40,2283.52
554,Caresse,Pantling,37,5643.29
555,Swen,Drabble,33,4136.69
556,Toddy,Sokale,29,9111.22
557,Dulcea,Dencs,29,2394.01
558,Nona,Dulwitch,35,8468.85
559,Norrie,Minichillo,43,3928.7
560,Brittney,Linny,42,2828.81
561,Grayce,Westmarland,45,9673.9
562,Collette,Swalough,27,2701.98
563,Maegan,Smeuin,21,5392.67
564,Charmine,Farenden,29,6777.26
565,Juana,Petru,43,5563.88
566,Deonne,Ivashev,27,3081.26
567,Jethro,Babbs,49,2798.87
568,Essie,Platt,27,2059.0
569,Carrie,Cornewell,25,3308.7
570,Brandais,Corking,32,7426.01
571,Shaylah,Wilce,46,9317.74
572,Goddart,Girod,49,1734.06
573,Ajay,Saterthwait,44,7569.89
574,Torin,Winckworth,44,8080.8
575,Ardyce,Margaret,29,4945.97
576,Ara,Elfleet,24,5672.91
577,Penny,Merryfield,30,2698.57
578,Betsey,Runcieman,30,2085.17
579,Clovis,Flatman,23,2048.25
580,Kizzee,Norvell,46,2248.26
581,Griffith,Ogley,33,6942.91
582,Irena,Drinkale,31,7481.47
583,Marisa,Isitt,34,9497.43
584,Germana,Sambidge,41,4707.15
585,Liv,Gillott,22,1879.66
586,Addy,Gunn,27,9812.19
587,Laurence,Talkington,43,8846.67
588,Hewe,Landis,30,9600.16
589,Vivia,Harold,50,2090.93
590,Leicester,Margery,43,9894.29
591,Issiah,Kibel,43,4588.12
592,Ella,Dobbs,21,6648.16
593,Yvette,Mila,34,3422.53
594,Kristel,MacKibbon,48,4211.08
595,Arvin,Klaas,39,5996.74
596,Joycelin,Lunnon,26,3917.72
597,Nicolis,Gile,40,4042.71
598,Guido,Lillico,46,6317.43
599,Alaster,Byard,38,4516.54
600,Alair,Moulin,23,6790.59
601,Shel,Antonin,26,5194.42
602,Brynne,Bortoli,28,9322.58
603,Lamar,Wandtke,26,6992.13
604,Weber,Python,30,6160.35
605,Hunt,Dinning,32,2089.1
606,Nickolas,MacKellen,46,9778.89
607,Consolata,Attride,39,4485.16
608,Selig,MacKowle,26,5609.22
609,Silvain,O'Feeny,38,9332.99
610,Susannah,Barber,21,2444.01
611,Lisbeth,Uppett,30,7208.07
612,Bil,Oliver,24,6030.03
613,Foster,Pundy,49,9448.82
614,Leon,Garshore,41,9448.63
615,Cass,Gabrieli,27,6867.63
616,Sonia,Pendered,29,8149.69
617,Drusilla,Lorinez,21,1832.52
618,Vite,Kelner,43,2420.74
619,Udall,Lathy,38,1785.98
620,Dolorita,O'Ruane,38,1661.92
621,Elisabetta,Fancy,22,2537.95
622,Lynnell,Kingswood,32,1819.24
623,Ginelle,Jopson,23,3388.38
624,Pietro,McKeveney,37,3097.58
625,Gerianna,Newlan,21,6504.27
626,Yves,Capron,49,7453.2
627,Kendell,McIlveen,29,7229.22
628,Holden,Ladds,21,6573.98
629,Sigismund,Giraudeau,47,8755.92
630,Abbey,Kick,38,6953.92
631,Rosemary,Rutgers,41,9951.34
632,Adriano,Lound,33,3169.12
633,Kareem,Buckler,26,4949.95
634,Zitella,Detloff,24,3492.83
635,Isaac,Stoddart,21,9247.11
636,Johnath,Philipeaux,49,8828.77
637,Davon,Fancett,41,8690.7
638,Robinetta,Guihen,37,4873.92
639,Carlye,Meeks,46,8521.09
640,Timmy,Geratt,30,5755.64
641,Saunder,Cocher,22,4193.97
642,Lucienne,Grist,36,5894.29
643,Fanny,Grief,27,5182.66
644,Osgood,Bouchier,47,6341.08
645,Kaiser,Elsom,46,7831.53
646,Jenelle,Cleaton,42,2114.71
647,Isidore,Pourvoieur,45,9794.59
648,Tobias,Portlock,27,8924.34
649,Rosita,Maydway,37,1787.12
650,Jonis,Sharpe,45,5695.66
651,Cissiee,Coolican,30,8197.52
652,Lesli,Traylen,40,8781.55
653,Violette,Skoyles,30,3561.97
654,Neddie,Connah,30,2910.16
655,Gertrude,Steynor,25,4519.93
656,Thorn,Vincent,50,9752.51
657,Danyette,Conibear,23,8991.29
658,Phyllys,Rapport,30,6847.46
659,Georgie,Ceaplen,37,3759.97
660,Addy,Whitby,40,5899.04
661,Elianora,Bank,48,9980.58
662,Biddy,Caldron,28,2919.38
663,Benji,Sorel,22,5835.89
664,Carolyne,Toop,37,3348.55
665,Whitney,Vitet,29,4052.78
666,Fletcher,Sives,38,7963.36
667,Nat,Lyard,45,6512.14
668,Starlin,Pheasey,32,8856.49
669,Gill,Choupin,35,7186.98
670,Lira,Vondracek,36,3393.94
671,Abigale,Westmerland,32,3832.2
672,Kenny,Gossling,46,6952.37
673,Sherm,Daverin,40,4458.97
674,Heidi,Abeau,31,1694.15
675,Trey,Saggs,37,2697.15
676,Jae,Paulot,45,4300.84
677,Warren,Menhci,28,4589.3
678,Nerissa,Goscomb,40,7312.59
679,Xylia,Quesne,37,2922.69
680,Pavel,Dursley,30,1589.47
681,Vernor,Brocklebank,34,5042.31
682,Lana,Gaish,37,2048.51
683,Meghan,Emblen,50,7330.35
684,Elana,Manson,30,5596.1
685,Lucy,Scothron,36,5560.92
686,Lindsay,Simonian,44,2039.26
687,Alane,Fippe,35,6249.17
688,Irene,Gammie,35,3036.65
689,Iormina,Bierman,47,4653.26
690,Marjy,Warret,31,1648.42
691,Averell,Rossbrooke,36,4292.28
692,Star,Winborn,29,9905.08
693,Tova,Beaze,22,2599.76
694,Feodor,Whorall,27,6416.49
695,Daniele,Menghi,27,5693.41
696,Terri,Catchpole,28,8025.12
697,Jeralee,McAreavey,35,4127.07
698,Melonie,Kilkenny,35,6043.13
699,Shaine,Shipman,39,4880.92
700,Zondra,Postin,21,2285.1
701,Pascal,McArtan,50,7683.03
702,Suzanna,Armin,39,1690.58
703,Emmy,Asquez,25,7849.14
704,Winny,Heaney`,39,7651.85
705,Branden,Cluley,23,7515.93
706,Meridel,Loney,28,4158.22
707,Corrie,Brecher,40,3025.89
708,Eddie,Stooders,23,5369.95
709,Nananne,Geraldo,30,5136.36
710,Mariejeanne,Britton,35,2575.32
711,Marietta,Munnis,32,1706.43
712,Catarina,Dilrew,41,4493.67
713,Talya,Letchford,32,5350.34
714,Julie,Mundee,22,3513.63
715,Averyl,Silverthorn,40,7495.01
716,Cherye,Shakshaft,24,2652.32
717,Kane,Clewlowe,29,6126.64
718,Rayner,Salmon,34,9865.68
719,Lezlie,Corkhill,23,1676.93
720,Laurice,Mattiacci,29,8174.33
721,Latashia,Tothe,44,8050.72
722,Roderigo,Jimeno,49,2595.65
723,Linnie,Bedborough,29,2865.92
724,Tarah,Sergison,25,5981.28
725,Alley,Cuerda,24,8802.51
726,Lemuel,Gowthrop,49,6621.02
727,Cody,Blonden,47,6790.86
728,Osgood,Nono,33,4168.25
729,Florencia,Atterbury,48,9561.05
730,Denyse,Sebrens,27,7213.77
731,Janifer,Rosenbarg,21,8755.29
732,Petronille,Sayle,23,3099.76
733,Joni,Brockbank,30,6666.66
734,Nial,Geroldo,36,5335.95
735,Bernardina,Folli,32,1642.48
736,Carson,Thornally,41,2270.6
737,Sayer,De Blasio,31,4228.84
738,Phyllys,Crassweller,39,8382.08
739,Tuckie,Botterell,44,4184.78
740,Emilee,Rainy,41,2935.31
741,Mona,Keelin,42,7828.48
742,Jinny,Dannel,22,4363.23
743,Gay,Folke,50,8712.91
744,Georas,Bowlas,44,3130.0
745,Chloette,Mouget,22,9381.26
746,Mortimer,Haselden,49,7812.77
747,Pyotr,Burry,32,7674.69
748,Yevette,Dargie,25,8572.2
749,Anna-diana,Durdan,48,8261.1
750,Cicily,Bloom,36,4261.41
751,Mattie,Frankcomb,28,2528.05
752,Luce,Shallcross,46,6892.38
753,Ronald,Avramow,44,1969.51
754,Cortie,Edgson,28,5692.77
755,Juan,Dumberell,48,9096.45
756,Davine,Yearne,26,9617.55
757,Elita,Dulson,44,6260.72
758,Eadith,Iveagh,40,6075.45
759,Gert,Daldan,32,2349.6
760,Sorcha,Habgood,31,7136.54
761,Fredra,Been,35,5542.23
762,Donnie,Edgeley,27,6609.2
763,Marcia,Sibley,34,6558.09
764,Cathlene,Tudge,47,5874.75
765,Jed,Pobjoy,43,3665.56
766,Jaynell,McInility,44,8606.32
767,Julius,Tabourin,30,4371.4
768,Mab,Biggadike,27,5020.56
769,Rochette,Tibbits,46,2256.29
770,Isaiah,Lindop,33,8885.0
771,Maureen,Dalman,38,7250.96
772,Corissa,Pigden,22,4885.34
773,Erna,Guilloux,47,5923.02
774,Ferdinande,Bloxsum,37,4584.88
775,Danit,St. Queintain,25,8087.52
776,Arvy,Kindon,45,9325.14
777,Gib,Schenfisch,42,8196.46
778,Dallis,Ewles,22,6252.59
779,Wilbert,Jados,38,8573.52
780,Julieta,Ramelot,49,3562.01
781,Janeczka,McAloren,40,4636.76
782,Kelley,Bertenshaw,41,7334.06
783,Julina,Cutmare,42,4018.26
784,Lethia,Wattisham,50,6061.79
785,Emmye,Walkey,29,8462.15
786,Vladamir,Thing,46,1835.57
787,Micki,Rizzelli,27,3663.85
788,Rick,Astell,26,3907.44
789,Bendick,Withams,35,6094.39
790,Bren,Rylett,41,7208.0
791,Alix,Stoyle,44,8408.99
792,Rorke,Andersen,25,2920.95
793,Cybill,Willett,24,9583.85
794,Bastian,Alger,41,2191.24
795,Corny,Delacour,31,5955.21
796,Oralla,Rodolf,36,5718.41
797,Kim,Bellwood,28,4749.02
798,Waverly,Capinetti,30,5151.3
799,Zsazsa,Allison,40,3163.62
800,Nolana,Graine,26,5494.65
801,Valentino,Mackriell,47,8924.27
802,Trev,Harkins,35,6809.92
803,Korey,Doberer,39,5371.03
804,Lanny,Adkin,40,8256.56
805,Cy,Doghartie,43,8891.58
806,Stan,Percifull,40,9765.52
807,Daniella,Layton,42,2968.31
808,Renado,Schubbert,40,4940.57
809,Kettie,Giraudy,47,1819.7
810,Gigi,Baldrick,42,9252.91
811,Evy,de Quincey,49,3241.33
812,Ariana,Buddle,47,5584.57
813,Elsbeth,Khosa,40,3608.31
814,Kristyn,Chipman,29,5786.07
815,Shirleen,Pothbury,23,8987.28
816,Sandi,MacNeilly,27,2732.65
817,Thayne,Feeham,37,8526.15
818,Nancie,Cashford,49,5758.9
819,Asia,Shakesbye,26,7332.63
820,Alix,Bewsy,46,8052.12
821,Camella,Chedzoy,28,3817.26
822,Aggie,Baskett,41,5451.79
823,Antonio,Heaffey,38,5691.13
824,Serge,Ost,40,8488.35
825,Ax,Marquand,39,3960.13
826,Goldina,Largan,47,1705.36
827,Almeta,Cadreman,40,3232.48
828,Saunderson,Greenhow,34,8009.28
829,Dory,Greenset,44,8135.21
830,Parke,Bignell,25,3195.3
831,Caren,Djekovic,49,3178.75
832,Guenna,Rosenzveig,25,7620.45
833,Rivy,Purse,39,3302.25
834,Grantley,Vanichkin,41,2414.33
835,Griffie,Aiskovitch,45,4616.8
836,Candie,Kunrad,40,4696.88
837,Graeme,MacAndie,40,5934.52
838,Lura,Clawsley,41,9989.53
839,Bondon,Rambadt,22,4753.52
840,Brose,Brayford,28,3050.03
841,Duff,Worg,40,2465.62
842,Britt,Binning,25,2599.66
843,Bevan,Wheelhouse,36,4428.62
844,Archy,Roback,44,9116.39
845,Theda,McSporrin,37,2977.44
846,Elliot,O'Halleghane,46,1702.53
847,Nissy,Brand-Hardy,38,7344.7
848,Godard,Neilands,41,7668.62
849,Christiano,Castellone,35,2017.18
850,Errick,Shear,47,2448.84
851,Winona,Groundwater,21,8787.73
852,Lidia,Rylett,40,3578.13
853,Dory,Curuclis,40,3710.99
854,Janith,Frift,33,4371.31
855,Darelle,Plunket,36,4691.95
856,Fanny,Schwandermann,44,7158.29
857,Angelique,Work,45,4642.4
858,Leah,Cleve,40,6345.55
859,Lonnie,Turfs,49,4635.7
860,Ludvig,Yu,40,9170.05
861,Zarla,Dyton,45,7558.49
862,Sanderson,Bingham,29,2237.29
863,Cort,Seers,45,2492.04
864,Ripley,Hassall,38,4384.77
865,Adela,Imesen,27,9387.47
866,Olive,Brommage,47,1711.25
867,Ellsworth,Cullagh,50,2245.97
868,Dav,Lardnar,43,1622.58
869,Phaedra,Nice,33,5745.29
870,Parrnell,Deares,24,5357.08
871,Gardner,Duiguid,46,7870.27
872,Agustin,Carine,26,3454.39
873,Margret,Childes,25,1751.04
874,Ferdie,Pache,34,7955.49
875,Thornie,Klug,25,4110.24
876,La verne,Ouldred,42,5766.2
877,Donnajean,Earry,38,7398.07
878,Say,Yielding,46,7966.36
879,Grete,Hazleton,33,4835.51
880,Darsey,Eakin,28,9193.25
881,Thorvald,Manneville,38,3422.92
882,Bay,Aaronson,34,6590.49
883,Anet,McGeady,37,9418.34
884,Carlye,Sandes,33,6160.67
885,Janet,Nutbeam,22,6936.16
886,Mel,Hritzko,47,8762.12
887,Phebe,Lonsbrough,36,6081.01
888,Elizabet,Headings,32,3948.14
889,Fraze,Topping,25,4352.35
890,Frederigo,Indgs,23,5448.1
891,Genvieve,Hullin,47,7321.21
892,Malchy,Pavelin,23,6470.64
893,Conrado,Pitrasso,33,8473.49
894,Leanna,Folshom,42,9130.83
895,Valera,Chattey,36,4386.12
896,Nan,Lloyd,42,7182.37
897,Effie,Woolfitt,27,4103.9
898,Faunie,Lamberteschi,44,6321.61
899,Angus,Rove,44,6973.24
900,Gabie,Fleet,29,3487.53
901,Illa,Gwatkin,31,1822.46
902,Kaela,Chieco,25,2129.15
903,Veriee,Menure,22,7934.58
904,Durand,Restieaux,31,2142.87
905,Tucky,Fursland,35,3814.26
906,Liane,Strode,38,6531.47
907,Bondy,Clayill,39,2582.7
908,Arlee,Auton,47,7481.29
909,Nicko,Kermannes,47,3091.78
910,Priscella,McAuley,32,5968.53
911,Colette,Lowndes,50,8549.06
912,Margalit,Bramhall,36,7020.83
913,Minne,Mothersole,30,6605.08
914,Burnaby,Potter,27,5078.87
915,Madlen,Dunkerly,43,4651.05
916,Savina,Igounet,29,1641.68
917,Aridatha,Maskrey,28,4532.72
918,Waring,Ben,33,8606.55
919,Rebekah,Burnsall,24,3543.8
920,Dionis,Duferie,25,6469.12
921,Ignaz,De Few,27,1525.48
922,Pearline,Chilcott,39,2800.97
923,Chantalle,Dever,35,7220.9
924,Celie,O'Towey,48,2810.39
925,Bryon,Bulmer,43,4608.73
926,Brooke,McCoish,29,9068.05
927,Rossy,Stearn,34,6798.6
928,Veronica,Whiteland,25,8836.58
929,Efrem,Macrow,40,5551.55
930,Anjela,Lempertz,40,9900.05
931,Colver,Bly,38,6737.81
932,Carly,Glasscott,22,5023.18
933,Launce,Clancy,35,7326.06
934,Finley,Petracco,44,4454.16
935,Ronald,Ferencz,40,9326.75
936,Aleta,Pizzey,30,8781.26
937,Cordy,Lipprose,49,9361.1
938,Max,Tempest,35,3152.72
939,Philippa,Frost,33,6073.29
940,Harley,McCarrell,26,7523.4
941,Ade,Pickersail,46,2228.83
942,Cindy,Thow,46,7806.65
943,Ossie,Bellin,27,3008.4
944,Asa,Bumphries,38,8292.97
945,Clerc,Chancelier,32,8830.06
946,Octavius,Lacrouts,31,4427.4
947,Sandro,O'Cleary,24,5675.5
948,Amber,Noonan,36,8676.17
949,Vonni,Laborda,41,5402.19
950,Blakeley,Epinay,25,7253.94
951,Tonye,Weston,47,8852.47
952,Olia,Paulet,32,9062.3
953,Perren,Hinkley,37,9834.21
954,Helge,Blackadder,31,7390.0
955,Oralie,Dauby,46,4870.51
956,Suzy,Gruby,24,6889.85
957,Nat,Chessun,37,8279.06
958,Orran,Sprague,37,5953.91
959,Jennette,Jordi,30,7713.85
960,Gerri,Crut,32,3920.9
961,Jerrine,Davidsen,24,9491.39
962,Monica,Strutton,21,5638.0
963,Mirilla,Rudeforth,29,5273.86
964,Ilse,Buxsey,29,4518.63
965,Consuela,Clemas,22,2798.19
966,Lulita,Shower,34,1607.11
967,Shawn,Nelles,50,9927.76
968,Elmer,Rosiello,41,7622.33
969,Robin,Wogden,41,5092.43
970,Corette,Trunchion,31,9379.97
971,Alisa,Finlry,47,7583.89
972,Angeline,Paradin,49,9633.17
973,Lief,Jamison,23,6228.23
974,Cookie,Sywell,38,5937.83
975,Frederico,McCory,47,9125.22
976,Gregoor,Hegges,50,5116.45
977,Lauren,Marriott,21,3477.16
978,Winna,Ryhorovich,27,2706.92
979,Stillmann,Fookes,25,9707.56
980,Valeda,Ouldcott,24,5959.23
981,Lee,Dies,37,2058.58
982,Marlin,MacGillicuddy,22,4733.17
983,Michaela,Feasley,31,5691.86
984,Robby,Jillard,37,6766.29
985,Lily,Tosspell,38,6241.67
986,Katharine,Howland,40,2234.11
987,Ottilie,Loveredge,46,9027.87
988,Eachelle,Tuther,23,3400.6
989,Lowrance,Robison,23,4230.86
990,Floyd,Loughead,40,4021.37
991,Nadya,Garriock,27,2232.84
992,Kari,Masson,46,9937.87
993,Mirna,Barukh,22,9389.19
994,Sheree,Poxton,38,3376.4
995,Benoit,Thal,30,9690.67
996,Alethea,Starkie,50,1559.07
997,Dorrie,Harvison,25,1717.83
998,Ofella,Oles,42,7914.8
999,Selinda,Pollastrino,36,1882.52
1000,Niles,Swatten,34,5685.14
